Market,Revenue
United Kingdom,17291358.955999997
Others,2889317.2509999997
